; Name	polyUp.txt
; Species and nomenclature	Mus musculus, MGI symbols
; Motif collection	10K (9713 PWMs)
; Minimum NEScore	3.0
; Rank threshold for visualization	5000
; ROC threshold for AUC calculation (%)	0.03
; Minimum identity between orthologous genes	0.0
; Maximum false discovery rate (FDR) on motif similarity	0.001
; Motif rankings database	500bp upstream (7 species)
; Number of valid nodes	328
; iRegulon version	iRegulon v1.3 (build: 2015-02-12)
# Rank	Motif id	AUC	NES	ClusterCode	Transcription factor	Target genes
1	homer-M01742	0.0591889	5.20166	M1	Hsf2,Hsf1,Hsf4,Hsf3	St13,Dnaja1,Hspe1,Hspa8,Stip1,Cct5,Fam173b,Hsph1,Zfp654,Abhd3,H2-D1,Dnajb6,Dnaja4,Ints2,Neat1,Naa35,Aldh1a2,Fbxo47,Polr2a,Gm1564,Chga,Nhej1,Ywhae,C1qc,Fanci,Eef1g,F13a1
2	transfac_public-M00227	0.0584464	5.11518	M2		Gm1564,Nrk,Ezh2,Socs7,Lins,Khdrbs1,2810006K23Rik,Dnaja1,Gm13034,Nol8,Rad51ap2,Hnrnpu,Rpgrip1l,Tagap1,Cep70,St13,Polr2a,Hspa9,Dgcr8,Atp11b,Fanci,Zbtb26,Srsf10,Cep76,Ubr5,Hspa8,Gcdh,Hspa5,Hsph1,Zfp654,Ghitm,F13a1,Arl13b,Wdr11,Apoc1,Chordc1,Msn,Cspp1,Fig4,Ckap2,Sec61a2,Ddx17,Ints2,Cenpk,Ywhae,Cenpc1,Rabgap1l,Tex9,Eef1a1,Rnf17,Cct8,Cacybp,Hsp90ab1,Bub1,Nrip3,Ipo7,Fbxo30,Nup98,Hnrnph3,Nup155
3	yetfasco-1400	0.0578063	5.04062	M3		Cltc,Casc3,Ddx17,Nars2,Ddx51,Ythdc2,Hnrnpu,Chga,Ipo11,Ddx42,Tmem59l,Hsp90ab1,Nup98,Cacybp,Vprbp,Msn,Hist3h2bb-ps,Larp7,St13,Ghitm,Ift81,Leng8,Ltn1,Eprs,Cbwd1,Pmaip1,Parp2,Dld,Top2b,Ccdc59,Nrip3,Aldh1a2,Impdh2,Socs7,Plk2,Hspe1,Usp15,Hnrnph1,Hspa5,Lias,Thumpd1,Trp53bp1,Hspa8,Nsun6,Cyb5r4,Mpp5,Cct4,Hspa9,Cenpk,Eif1,Tpt1,Skiv2l2,Mapre1,Cse1l,Shcbp1,Zfp612,Naa30,Hook1,Rabgap1l,Eed,Fnip1,Ubr5,Gzf1,Uba3,Mettl5,Rmi1,Cops3,Sfmbt2,Armc8,Nrk,Cetn3,Selm,Nol8,Son,3110001I22Rik,Mysm1,Ahsa1,Taf5,Cpne5,Polr2a,Ccdc15,Gm13034,D930016D06Rik,Cdkal1,Spice1,Eif5b,Ublcp1,Cspp1,Dnaja4,Aaas,Ckap2,Cwf19l2,Ipo7,Kif3a,Sltm,Diap3,Ncbp2,Bub1,Api5,Gins4,Nup54,Atp11b,Lins,Pus10,Gm1564,Wdr75,Trappc8,Sec61a2,Fanci,Zswim4,Zfp654,Sgol2,H2-D1,Ints2,Fig4,Cct8
4	taipale-NNAACCGTTNN-MYBL1-DBD	0.0570024	4.94697	M2	Mybl1,Myb,Mybl2	Ezh2,Nrk,Atp11b,2810006K23Rik,Hnrnph1,Hspa5,Gm1564,Cltc,Lins,Gm13034,Hnrnph3,Cenpk,Rad51ap2,Fktn,Taf5,Nap1l1,Srsf10,Khdrbs1,Rpgrip1l,Cep70,Dgcr8,Top2a,Tagap1,Fig4,Hspa9,Zfp654,Ddx17,Socs7,Ywhae,Hnrnpu,Nhej1,Diap3,Polr2a,Ubr5,Fanci,C77370,Vcpip1,Cacybp,Armc8,Nars2,Tex9,St13,Cwf19l2,Actg2,Rngtt,Rnf17,Hsp90b1,Naa30,Cspp1,Ptgr2,Cct5,Fam173b
5	yetfasco-1538	0.0568744	4.93206	M1	Hsf1,Hsf2,Hsf4,Hsf3	St13,Dnaja1,Hspe1,Hspa8,Stip1,Zfp654,Hsph1,Abhd3,Naa35,H2-D1,Cct5,Fam173b,Ints2,Polr2a,Dnajb6,C1qc
6	transfac_pro-M01244	0.0554765	4.76923	M1	Hsf2,Hsf1,Hsf4,Hsf3	Hspa8,St13,Hspe1,Dnaja1,Stip1,Hsph1,Fbxo47,Abhd3,Cct5,Fam173b,Dnajb6,Ints2,Neat1,Eif5b,Gm1564,Zfp654,Dnaja4
7	yetfasco-615	0.0551539	4.73165	M1	Hsf1,Hsf2,Hsf4,Hsf3	St13,Dnaja1,Hspe1,Hspa8,Stip1,Cct5,Fam173b,Polr2a,Hsph1,Zfp654,Abhd3,Dnajb6,H2-D1,Naa35,Neat1,Ints2
8	transfac_pro-M00332	0.0550975	4.72509	M4	Foxn1	Nup98,Hspe1,Polr2a,Taf5,Usp15,Armc8,Nars2,Hsp90b1,Vprbp,Cbwd1,Ghitm,Hnrnph1,Socs7,Eif1,Slc25a40,Ddx17,Hspa9,Diap3,Impdh2,Cetn3,Naa15,St13,Cenpk,Kif3a,Cyb5r4,Nsun6,Dld,Daam1,Wdr75,Tex9,Rbm5,Lias,Gm13034,Ipo11,Ccdc152,Far1,Sgol2,Acadvl,Mysm1,Nup54,Mpp5,Hspa8,Top2a,Ythdc2,Pafah2,Ltn1,Rmi1,Dnaja1,Acad11,Ddx42,Dnaja4,Fanci,Aaas,Pth1r,Hook1,Chga,Ttc27,Cltc,Atp6v1e1,Hnrnph3,Sltm,Skiv2l2,Mns1,Fbxo30,Ubr5,Cacybp,Mcf2l,Pus10,Nap1l1,Son,Vcpip1,Lap3,Leng8,Zswim4,Trp53bp1,Sfmbt2,Prpf39,Pole3,Rngtt,Eprs,Abhd3,Hibch,H2-D1,Rpgrip1l,Plk2,Tbc1d15,Nol8,Cpne5,Rbm46,Pes1,Zc3h7a,Pmaip1,Dido1,Nrip3,Cct8,Ptcd3,Napg,Psmd14,Trappc8,Ptgr2,Tpt1,3110001I22Rik,Selm,Mettl5,Khdrbs1,Atp11b,Gzf1,Cep70,Fig4,Gfm1,Eed,Stam2,Lins,Mphosph8,Nhej1,Shcbp1,Spice1
9	taipale-TTCTAGAANNTTC-HSF1-full	0.0549337	4.706	M1	Hsf1,Hsf2,Hsf4,Hsf3	Hspa8,St13,Dnaja1,Hspe1,Stip1,Abhd3,Hsph1,Dnajb6,Cct5,Fam173b,Neat1,Dnaja4,Fbxo47,Ints2,Zfp654,Eef1a1,Gm1564,Eif5b,Aldh1a2,C1qc,Pes1,Ganc,H2-D1,Hsp90aa1
10	jaspar-PF0146.1	0.0547903	4.6893	M2		Gm1564,2810006K23Rik,Ezh2,Socs7,Nrk,Rad51ap2,Cep70,Gm13034,Dgcr8,Lins,Tagap1,Ift81,Atp11b,Hspa5,Npr2,Cep76,Trip10,Rabgap1l,Ubr5,Pth1r,Ywhae,Fig4,Zfp612,Khdrbs1,Lap3,Hibch,Usp15,Cenpk,Apoc1,Tbk1,Fbxo30,Rnf17,Cenpc1
11	taipale-NNAACCGTTNN-MYBL2-DBD	0.0543551	4.6386	M2	Mybl2,Mybl1,Myb	Ezh2,Nrk,Atp11b,2810006K23Rik,Gm1564,Hnrnph1,Cltc,Gm13034,Rad51ap2,Hspa5,Srsf10,Hnrnph3,Lins,Khdrbs1,Tagap1,Nap1l1,Dgcr8,Cenpk,Cep70,Socs7,Ddx17,Ywhae,Cct5,Fam173b,Fktn,Top2a,Zfp654,Fig4,Cacybp,Naa30,St13,Hnrnpu,Hspa9,Ubr5,Cspp1,F13a1,Arl13b,Cops3,Tex9,Mysm1,Aaas,Rabgap1l,Diap3,Xpo1,Rngtt,Rnf17,Fanci,Nars2,Cyb5r4,Rpgrip1l,Tbk1,Mpp5,Pus10,Brd8,Hibch,Ints2,Ptgr2,Chordc1,Hsp90b1,Trip10,Nup54,Fbxo30,Nhej1,Bub1,Cwf19l2,Apoc1,Dnaja1,Impdh2,Armc8,Spice1,Polr2a,Cenpc1,Cuedc2,Taf5,Ift74,Pth1r,Hsph1,Lrpprc,Mtif2,Nop2,Fxr1,Gtf2h2,Tbc1d15,Casc3,Hsp90ab1,Pla2g4a,Vcpip1,Copb1,Eed,Eif5b,Nsun6,Tpi1,Mettl5,Ganc,Far1,Zfp612,Trip12,Dld,Anapc4,Hist3h2bb-ps,Odf2l,Sfmbt2,Tmem59l,Ssx2ip,Naa15,Nup98,Top2b,Son,Zfp326,Sltm
12	elemento-ACCGTTA	0.053756	4.56882	M2		2810006K23Rik,Nrk,Ezh2,Cep70,Lins,Dgcr8,Gm13034,Socs7,Gm1564,Hspa5,Ift81,Ddx17,Cenpk,Rad51ap2,Fanci,Nup98,Trip10,Rpgrip1l,Atp11b,Fktn,Ywhae,Ddx42,Fig4,Hnrnph1,Ghitm,Ubr5,Zfp612,Cep76,Vprbp,Actg2,Usp15,Pth1r,St13,Hibch,Vcpip1,Hnrnph3,Tagap1,Rngtt,Daam1,Naa30,Hsph1,Nup54,C77370,Hspa9,Rmi1,Eef1a1,Npr2,Sfmbt2,Eed,Cacybp,Msn,Hnrnpu,Taf5,Cyb5r4,Hsp90ab1,Far1,Armc8,Apoc1,Tex9
13	yetfasco-1107	0.0535358	4.54317	M5		Nup98,Tmem59l,Hnrnpu,Leng8,St13,Nars2,Ddx51,Cacybp,Ift81,Ythdc2,Larp7,Chga,Socs7,Ghitm,Hsp90ab1,Plk2,Cltc,Ltn1,Hspa5,Nrip3,Ddx42,Ddx17,Hist3h2bb-ps,Top2b,Pmaip1,Ipo11,Ccdc59,Vprbp,Nsun6,Ubr5,Parp2,Tpt1,Cspp1,Vcpip1,Trp53bp1,Usp15,Dld,Taf5,Eed,Impdh2,Casc3,Cbwd1,Cse1l,Nol8,Pus10,Cct4,Thumpd1,Rmi1,Cenpk,Eif1,Skiv2l2,Cops3,Nrk,Dnaja1,Cyb5r4,Mpp5,Mapre1,Dnaja4,Hnrnph3,Odf2l,Lias,Nup54,Gm1564,Sltm,Gfm1,Rad51ap2,Eef1g,Far1,Eprs,Nhej1,Actg2,Ndufv2,Pole3,Sfmbt2,Tpi1,Ccdc15,Hspe1,Hspa9,Diap3,Atp6v1c1,Hook1,Rabgap1l,Ahsa1,Cct8,Hspa8,Gm13034,Gins4,Cetn3,Polr2a,Ublcp1,Lrpprc,Hnrnph1,Cuedc2,Zfp612,Bub1,Cct2,Lap3,Hadha,H2-D1,Cpne5,Ncbp2,Acad11,Cct5,Fam173b,Fig4,Selm,Sec61a2,Ckap2,Aaas,Sgol2,Shcbp1,Son,F13a1,D930016D06Rik,Tbc1d15,Slc25a40,Zmym6,Nop2,Parp12,Ahsa2,Ift74,Crnkl1,Neat1
14	yetfasco-2084	0.0529674	4.47696	M3		Nars2,Chga,Hist3h2bb-ps,Ythdc2,Ipo11,Casc3,Ddx51,Dld,Pmaip1,Larp7,Hsp90ab1,Hnrnpu,Cltc,Ddx42,Cbwd1,Parp2,Nup98,Ift81,Cacybp,Eprs,Ddx17,St13,Ccdc59,Top2b
15	transfac_public-M00169	0.0517538	4.3356	M1	Hsf1,Hsf2,Hsf4,Hsf3	Hspa8,St13,Dnaja1,Hspe1,Stip1,Cct5,Fam173b,Hsph1,Dnajb6,Abhd3,Zfp654,Dnaja4
16	homer-M00093	0.0514005	4.29444	M1	Hsf1,Hsf2,Hsf4,Hsf3	Hspe1,Dnaja1,St13,Hspa8,Neat1,Abhd3,Stip1,Hsph1,Dnaja4,Cct5,Fam173b
17	transfac_public-M00165	0.0512725	4.27953	M1	Hsf1,Hsf4,Hsf2,Hsf3	St13,Hspa8,Dnaja1,Hsph1,Hspe1,Stip1,Dnajb6,Cct5,Fam173b,Neat1,Abhd3,Spice1,H2-D1,Ints2,Gm1564,Cct8,Fbxo47,Cltc,Polr2a
18	transfac_pro-M02761	0.051252	4.27714	M6	Gmeb1,Gmeb2	Ddx17,Hspa9,Chga,Vprbp,Nup98,Hnrnph1,Hnrnpu,Ift81,Nars2,Tmem59l,Thumpd1,Fanci,Hook1,Ipo11,Ddx42,Ltn1,Ghitm,Polr2a,Ckap2,Impdh2,St13,Pus10,Aldh1a2,Diap3,Hsp90ab1,Spice1,Sltm,Pmaip1,Eif1,Zfp612,Ythdc2,Cacybp,Sfmbt2,Cyb5r4,Plk2,Dnaja4,Ubr5,Larp7,Lias,Hist3h2bb-ps,Casc3,Armc8,Nsun6,Dhx9,Cenpk,Socs7,Selm,Ssx2ip,Eed,Vcpip1,Leng8,Aaas,Hspa5,Cspp1,Cltc,Rngtt,Cct5,Fam173b,Son,Cct4,Gzf1,Cse1l,Cdkal1,Kif3a
19	factorbook-HSF1	0.0506068	4.20199	M1	Hsf1,Hsf2,Hsf4,Hsf3	St13,Dnaja1,Hspa8,Hspe1,Stip1,Abhd3,Cct5,Fam173b,Neat1,Hsph1,Dnaja4,Dnajb6,Ints2,Zfp654
20	homer-M00111	0.050023	4.13399	M2	Myb	Ezh2,Gm1564,Socs7,Lins,Rabgap1l,Cep76,Tagap1,Rad51ap2,Dnaja1,Hnrnph3,2810006K23Rik,Hspa9,St13,Bub1,Ift81,Khdrbs1,Atp11b,Polr2a,Gm13034,Cep70,Ywhae,Hnrnpu,Diap3,Hspa5,Ddx17,Gcdh,Wdr11,Nrk,Ubr5,Sec61a2,Rpgrip1l,Nrip3,Nol8,Fbxo30,Dgcr8
21	yetfasco-1401	0.0499462	4.12505	M5		Cltc,Hnrnpu,Chga,Socs7,Top2b,Tmem59l,Ift81,Ythdc2,Ltn1,Nup98,Nars2,Ddx51,Cacybp,Hspa5,Hspe1,Larp7,Ghitm,Ddx42,Ddx17,St13,Usp15,Vprbp,Casc3,Eprs,Cbwd1,Impdh2,Parp2,Ipo11,Rmi1,Hist3h2bb-ps,Cops3,Mapre1,Skiv2l2,Hsp90ab1,Polr2a,Leng8,Son,Cetn3,Cenpk,Ccdc59,Pmaip1,Hspa9,Dld,Hook1,Naa30,Nsun6,Thumpd1,Fbxo30,Zswim4,Aldh1a2,Khdrbs1,Copb1,Cyb5r4,Gzf1,Shcbp1,Mettl5,Trp53bp1,Prpf39,Tpt1,Cse1l,Cct4
22	transfac_pro-M01615	0.0499206	4.12206	M3	Crem,Creb1,Atf7,Atf1,Atf4,Atf5,Atf2,Atf3,Atf6	Ddx51,Tmem59l,Nup98,Ythdc2,Ltn1,St13,Ipo11,Cltc,Nars2,Larp7,Chga,Hsp90ab1,Pmaip1,Leng8,Ift81,Nsun6,Ccdc59,Top2b,Ddx17,Cacybp,Hspa5,Son,Nrip3,Hist3h2bb-ps,Cbwd1,Dld,Ghitm,Socs7,Casc3,Parp2,Ddx42
23	taipale-TTCTAGAANNTTC-HSF1-DBD	0.0497363	4.10059	M1	Hsf1,Hsf2,Hsf4,Hsf3	Hspa8,St13,Dnaja1,Hspe1,Cct5,Fam173b,Abhd3,Hsph1,Stip1,Dnajb6,Neat1
24	homer-M01494	0.0496697	4.09284	M1	Hsf1,Hsf2,Hsf4,Hsf3	St13,Hspa8,Dnaja1,Hspe1,Polr2a,Hsph1,Fbxo47,Ints2,Zfp654,Dnaja4,Abhd3,Zfp326,Stip1,Dnajb6,Naa35,Ywhae,F13a1,Trappc8,Gm1564,Eef1g,H2-D1,Cct5,Fam173b,Fanci,Trp53bp1,Aldh1a2,Slc25a38,Dars,Neat1,Eed,Trip12,Ubr5,Tpi1,Nol8,Chga,Tbc1d15,Taf1a,Rabgap1l,Xpo1,Cenpk,Ddx42,Eef1a1,Snrnp27,Cuedc2,Cspp1,Mettl5,Hnrnpu,Rad51ap2,Hnrnph3,Cul2,Tpt1,Hspa5,Ezh2,C1qc,Ythdc2,Sfmbt2,Nucb1,Naa30,Pes1,Wdr11,Eif1,Eif5b,Atp6v1e1,Cltc,Cacybp,Arl13b,Nrip3
25	homer-M00850	0.0493318	4.05347	M5	Crem,Creb1,Atf1	Nup98,Nars2,Impdh2,Tmem59l,Ythdc2,Ift81,Son,St13,Hspa5,Leng8,Larp7,Chga,Ghitm,Socs7,Hsp90ab1,Top2b,Parp2,Ltn1,Ncbp2,Cbwd1,Cacybp,Cenpk,Copb1,Hist3h2bb-ps,Trp53bp1,Ipo11,Ccdc59,Hspa9,Cltc,Hnrnph1,Polr2a,Nsun6,Dld,Cspp1,Ddx17,Pmaip1,Ddx42,Shcbp1,Lias,Ccdc58,Ddx51,Thumpd1,Nrip3,Naa30,Actg2,Atp6v1c1,Plk2,Cse1l,Cops3,Eef1a1,Trappc8,Casc3,Cyb5r4,Mia3,Zswim4,Skiv2l2,Cct4,Cenpc1,Vprbp,Prpf39,Zfp612,Hspe1,Dnaja4,Zmym6,Ccdc15,Eprs,Hook1,Eef1g,Neat1,Atp11b,Mpp5,Hnrnph3
26	homer-M01760	0.0491833	4.03617	M3		Nars2,Ipo11,Ccdc59,Cltc,Ddx17,Hist3h2bb-ps,Dld,Ift81,Hnrnpu,Chga,Pmaip1,Copb1,Naa30,Top2b,Hspa5,Ghitm,Ddx51,Tpt1,Casc3,Nup98,Tmem59l,Trp53bp1,Cacybp,Ythdc2,Eprs,St13,Mpp5,Son,Nsun6,Hsp90ab1,Ltn1,Cenpk,Cetn3,Larp7,Leng8,Cyb5r4,Cbwd1,Socs7,Plk2,Parp2,Zfp612,Impdh2,Ddx42,Vprbp,Cct4,Mysm1,D930016D06Rik,Mia3,Eef1a1,Gm13034
27	taipale-TTCTAGAANNTTC-HSF2-DBD	0.0490194	4.01709	M1	Hsf2,Hsf1,Hsf4,Hsf3	Hspa8,St13,Hspe1,Dnaja1,Abhd3,Stip1,Hsph1,Cct5,Fam173b,Dnajb6,Neat1,Ints2
28	hdpi-NRL	0.0485637	3.964	M7	Nrl	Hnrnph1,Cltc,Polr2a,Vprbp,Sfmbt2,Hspa9,Impdh2,Hspa8,Sltm,Khdrbs1,Hnrnph3,Ddx17,Cct5,Fam173b,Fanci,Son,Armc8,Cenpk,Nup98,Hnrnpu,Eed,Ipo7,Atp6v1c1,Ints2,Cspp1,Rngtt,Ubr5,Cyb5r4,Kif3a,Eif1,Vcpip1,Ipo11,Dhx15,Mpp5,Agtpbp1,Cacybp,Mcf2l,Ptcd3,Atp6v1e1,C77370,Zdhhc17,Zmym6,Trip10,Parp12,Rabgap1l,Pnpt1,Otud3,Napg,Smu1,Mrpl32,Dnaja1,Lrpprc,Fig4,Cct2,Dnaja4,Nol8,Naa15,Ddx42,Spice1,Zbtb26,Parp2,Tbc1d15,Srsf10,Chordc1,Cct8,Pla2g4a,Lap3,Gm16039,Hsp90ab1,Aaas,Eef1g,Dido1,Ift81,Cul2,Brd8,Mrpl14,Lins,Eef1a1,Actg2,Ghitm,Acad11,Ywhae,Nup155,Gm13034,Cpne5,Cwf19l2,Psmd14,Daam1,Cops3,Acadvl,Copb1,Xpo1,Rmi1,Zswim4,Cdkal1,Nucb1,Arpc3,Selm,Cetn3,Stip1,Hook1,St13,Nars2,Trip12,Hsp90aa1,Ythdc2,Abhd3,Myg1,Pafah2,Cuedc2,Naa35,Ssx2ip,Ahsa2,Gm1564,Gfm1,Tpt1,Api5,Ahsa1,Lzic,Wdr75,Cse1l,Hsp90b1,Zfp326,Dhx9,Pes1,Cep76,Ift74,Prpf39,Cct4,Dgcr8,Usp15
29	yetfasco-668	0.0484305	3.94849	M3		Nars2,Cltc,Ddx17,Ipo11,Hnrnpu,Casc3,Hist3h2bb-ps,Chga,Dld,Ccdc59,Naa30,Pmaip1,Top2b,Ift81,Ghitm,Hspa5,Msn,Eprs,Ddx51,Copb1,Ddx42,Cetn3,Tmem59l,Ythdc2,Son,Ltn1,Mpp5,Nup98,Hsp90ab1,Cacybp,Cenpk,Aldh1a2,Nsun6,St13,Tpt1
30	yetfasco-1639	0.0482001	3.92165	M1	Hsf1,Hsf2,Hsf4,Hsf3	St13,Hspe1,Dnaja1,Zfp654,Ddx17,Hspa8,Hsph1,Xpo1,Cct5,Fam173b,Polr2a,Eef1g,Otud3,Ywhae,Stip1
31	homer-M00632	0.0480977	3.90972	M1	Hsf1,Hsf4,Hsf2,Hsf3	St13,Hspa8,Dnaja1,Neat1,Stip1,Polr2a,Dnajb6,Hsph1,Spice1,Abhd3,Hnrnph1,Dnaja4,Hspe1,Pole3,2810006K23Rik,Cct8,Zfp654,Skiv2l2,Cct5,Fam173b,Cpne5,Acadvl,H2-D1,Eif5b,Ddx17,Ganc,Cspp1,Parp12,Ints2,Vcpip1,Fbxo47,Trip12,Gm1564,Aldh1a2,Hspa9,Cenpk,Cct4,Naa35,Msn,Trappc8,Sfmbt2,Actg2,Ipo7,Ubr5,Ywhae,Hnrnpu,Eef1a1,Larp7,Ezh2,Plk2,Hnrnph3,Eed,Lrpprc,Hook1,Gcdh,Fnip1
32	hdpi-UQCRB	0.047898	3.88646	M5	Uqcrb	Eprs,Ddx17,Polr2a,Cacybp,Zswim4,Nars2,Nup98,Impdh2,Ythdc2,Ghitm,Cbwd1,Sltm,Son,Tmem59l,Lias,Mapre1,Hspe1,Ddx51,Leng8,Taf5,Ipo11,Cenpk,Cltc,Atp11b,Nsun6,Dld,Parp2,Chga,Socs7,Larp7,St13,Top2b,Hist3h2bb-ps,Pmaip1,Trp53bp1,Hsp90ab1,Eef1a1,Cdkal1,Hspa5,Usp15,Hspa8,Shcbp1,Sec61a2,Ubr5,Cyb5r4,Skiv2l2,Zfp612,Ift81,Gm13034,Rmi1,Armc8,Eif1,Hnrnpu,H2-D1,Cse1l,Mpp5,Mysm1,Plk2,Cspp1,Slc25a40,Dnaja4,Naa15,Cpne5,Ncbp2,Cwf19l2,Nrip3,Hectd2,Xpo1,Wdr75,Crnkl1,Ccdc59,Nrk,Fxr1,Vprbp,Ltn1,Diap3,Hspa9,Ddx42,Hnrnph1,Otud3,Nol8,Fanci,Fnip1,Thumpd1,Trappc8,2810006K23Rik,Hsph1,Pole3,Hook1,Vcpip1,Atp6v1c1,Sgol2,Casc3,Top2a,Dnaja1,Ywhae,Gfm1,Eef1g,Fig4,Tex9,Ezh2,Eed,Cops3,Cct8,Cuedc2,Zdhhc17,Spice1,Lap3,Tpt1,Nap1l1,Dhx15,Cct4,Rngtt,C77370,Ift74,Nup54,Fbxo30,Cul2,Gins4,Zc3h7a,Tbc1d15,Hnrnph3
33	homer-M00849	0.0478826	3.88467	M3	Jdp2,Atf1,Creb1,Atf5,Atf2,Crem,Atf4,Atf3,Atf7,Junb,Jund,Npdc1,Creb3,Atf6,Batf3	Tmem59l,Ltn1,Chga,Ythdc2,Ift81,Nup98,Larp7,Cltc,St13,Nars2,Ccdc59,Parp2,Hspa5,Cacybp,Ipo11,Top2b,Socs7,Ddx42,Hspe1,Impdh2,Ddx51,Thumpd1,Hsp90ab1,Hist3h2bb-ps,Casc3,Leng8,Pmaip1,Tpt1,Cops3,Vprbp,Trp53bp1,Ddx17,Eed,Copb1,Cbwd1,Pth1r,Cenpk,Ublcp1,Plk2,Nsun6,Skiv2l2,Son,Cct4,Naa30,Mpp5,Mysm1,Cse1l,Ghitm
34	factorbook-UA1	0.0477239	3.86618	M8	Zbtb33	Mettl16,Rmi1,Hnrnph3,Naa35,Gm13034,Cct8,Ptgr2,Cops3,Tex9,Ift74,Mpp5,Cacybp,Dido1,Srsf10,Hook1,Ddx17,Anapc4,Vcpip1,2810006K23Rik,Lins,Ghitm,Hnrnph1,Cct2,Hspa8,Vprbp,Dars,Nol8,Ahsa1,Hspa9,Trappc8,Rabgap1l,Cct5,Fam173b,Larp7,Cenpk,Nrip3,Taf5,Cul2,Parp12,Gfm1,Skiv2l2,Aldh1a2,Xlr5b,Fbxo47,Rpgrip1l
35	stark-RTTRCGYATRCGCM	0.0472016	3.80534	M9		Hnrnph1,Hspa9,Eed,3110001I22Rik,Kif3a,Hspa8,Armc8,Vcpip1,Polr2a,Dhx9,Taf5,Ipo11,Napg,Cyb5r4,Mrpl32,Nars2,Eif1,Gm13034,Cct5,Fam173b,Rngtt,Sfmbt2,Impdh2,Tbc1d15,Khdrbs1,Son,Ddx17,Hsp90aa1,Chordc1,Cdkal1,Ptgr2,Zmym6,Cacybp,Prpf39,Spice1,Tbk1,Ubr5
36	stark-GCGTSAAA	0.046879	3.76776	M10		Cct5,Fam173b,Hnrnph1,Trp53bp1,Uba3,Hsp90b1,Hspa8,Nup98,Ywhae,Xpo1,Ift81,Taf5,Zfp654,Nucb1,Pus10,Ipo11,Dnaja1,Gm1564,Eif1,Rbm46,Hspe1,Dido1,2810006K23Rik,Cenpk,Son,Nrip3,Pole3,Cpne5,Vprbp,Naa15,Polr2a,Cyb5r4,Ghitm,Ipo7,Hook1,Eftud1,Cacybp,Sgol2
37	taipale-TTCTAGAANNTTC-HSF4-DBD	0.046879	3.76776	M1	Hsf4,Hsf2,Hsf1,Hsf3	Hspa8,St13,Dnaja1,Hspe1,Stip1,Abhd3,Hsph1,Neat1,Dnajb6,Cct5,Fam173b
38	homer-M00390	0.0467356	3.75106	M2	Ovol2,Ovol1	Gm1564,Socs7,Ssx2ip,Tagap1,Khdrbs1,Naa30,Gm13034,Pth1r,Ezh2,Dgcr8,2810006K23Rik,Nrk,Npr2,Nup98,Lins,Eef1g,Rabgap1l,Cep70,Tex9,Fanci,Rad51ap2,Dnaja1,Cep76,Dars,Ubr5,F13a1,Cops3,Hspa5,Cuedc2,Hspa9,Cct8,Hspa8,Ift81,Rwdd3,Nap1l1,Nol8,Fbxo30,Cbwd1,Ywhae
39	yetfasco-1619	0.0466844	3.7451	M4	Foxn4,Foxn3,Foxn2,Foxn1,Foxh1	Nars2,Son,Cltc,Hspa5,Ghitm,Ddx17,Nrip3,Trappc8,Mns1,Diap3,Sltm,Stip1,Plk2,2810006K23Rik,Mia3,Zswim4,Hspe1,Gzf1,Stam2,Skiv2l2,Gm12942,Dnaja1,Ipo11,Ahsa2,Nup98,Pmaip1,Rmi1,Fbxo30,Pole3,Hspa9,Ptgr2,Dnaja4,Impdh2,Arl13b,Cct2,Pes1,Mpp5,C77370,Lins,Ckap2
40	yetfasco-1412	0.0466179	3.73734	M6		Cwf19l2,Ddx17,Chga,Hnrnpu,Rmi1,Taf5,Casc3,Ift81,Naa30,Ssx2ip,Uba3,Aldh1a2,Ddx42,Nars2,Ghitm,Msn,Top2b,Eef1a1,Hspa9,Ipo11,Pmaip1,Sfmbt2,Ubr5,Nsun6,Ptcd3,Eif1,Cenpk,Mapre1,Hist3h2bb-ps,Lins,Fnip1
41	jaspar-MA0286.1	0.0465154	3.72541	M3	Creb1,Crem,Atf1,Atf4,Atf5,Atf3,Atf7,Atf2,E4f1,Atf6	Tmem59l,Nup98,St13,Ythdc2,Ddx51,Ltn1,Hsp90ab1,Chga,Ift81,Leng8,Nars2,Cltc,Larp7,Nsun6,Ipo11,Hspa5,Ddx17,Cbwd1,Ccdc59,Top2b,Cacybp,Pmaip1,Casc3,Ddx42,Son,Parp2,Nrip3
42	yetfasco-585	0.0464847	3.72184	M3	Atf4,Atf7,Atf1,Creb1,Atf3,Atf2,Atf5,Crem,E4f1,Atf6	Tmem59l,Nup98,St13,Ythdc2,Ddx51,Ltn1,Hsp90ab1,Chga,Ift81,Leng8,Nars2,Cltc,Larp7,Nsun6,Ipo11,Hspa5,Ddx17,Cbwd1,Ccdc59,Top2b,Cacybp,Casc3,Pmaip1,Ddx42,Son,Parp2,Nrip3
43	transfac_public-M00398	0.0464437	3.71706	M6	Hlf,Tef,Atf2,Nfil3	Ddx42,Nup98,Ghitm,Ipo11,Pus10,Ddx17,Ubr5,Chga,Ift81,Gzf1,Casc3,Tmem59l,St13,Ythdc2,Hnrnph1,Nars2,Hspa9,Ltn1,Aldh1a2,Lias,Larp7,Hnrnph3,Hist3h2bb-ps,Thumpd1,Hsp90ab1,Leng8,Dnaja4,Trp53bp1,Fanci,Cacybp,Ccdc59,Pmaip1,Impdh2
44	taipale-YGCGCATGCGCN-NRF1-full	0.0462799	3.69798	M9	Nrf1,Zscan10	Hnrnph1,Dhx9,Hspa9,Eed,Hspa8,Cct5,Fam173b,Khdrbs1,Vcpip1,Sfmbt2,Sltm,Gm13034,Polr2a,Impdh2,Tbc1d15,Eif1,Napg,Armc8,Cyb5r4,Mrpl32,Cse1l,3110001I22Rik,Ints2,Kif3a,Cdkal1,Hook1,Ipo11,Hsp90aa1,Otud3,Ublcp1,Naa15,Dnaja1,Ptgr2,Mpp5,Zmym6,Eef1g,Tbk1,Nars2,Prpf39,Zdhhc17,Chordc1,Cwf19l2,Ttc27,Hnrnph3,Eef1a1,Son,Mettl5,Srsf10,Spice1,2810006K23Rik,Rngtt,Cacybp,Mrpl14,Naa16,Cct8,Ezh2,Fanci,Gzf1,Parp2,Vprbp,Copb1,Aaas,Atp6v1e1,Dhx15,Hectd2,Atp6v1c1,Dido1,Agtpbp1,Ift81,Taf5,Dnajb6,Ipo7,Lap3,St13,Rbm5,Mcf2l,Cpne5,Uba3,Pth1r,Crnkl1,Arpc3,Myg1,Rabgap1l,Nsun6,Pla2g4a,Cenpc1,Taf1a,Ythdc2,Lins,Chga
45	yetfasco-1987	0.0460392	3.66994	M11		Cltc,Nrk,Son,Hspa9,Atp6v1e1,Crnkl1,Ssx2ip,Cul2,Zfp612,Gm1564,Vcpip1,Mcf2l,Ythdc2,Nars2,Actg2,Polr2a,Chga,Zfp326,Casc3,Ipo11,Cct4,Ddx17,Abhd3,Mfn1,Bub1,Dnajb6,Slc25a38,Ywhae
46	jaspar-PF0106.1	0.0459624	3.661	M12	Elk3	Hspe1,Ift81,Socs7,Chga,Cltc,Nsun6,Cops3,Cacybp,Cspp1,Hspa9,Khdrbs1,Dnaja1,Ahsa1,Hspa5,3110001I22Rik,Top2b,Atp11b,Nop2,Hist3h2bb-ps,Nrip3,Taf1a,Ddx17,Skiv2l2,Cwf19l2,Mfn1,Ccdc15,Mcf2l,Naa15,Zdhhc17,Rmi1,Trappc8,Usp15,Arpc3,Hnrnph3,Fig4,Ahsa2,Rngtt,Xlr5b,Leng8,Wdr75,Hmgcl,Neat1,St13,Nup98,Cct2,Fam45a,Bub1,Tpi1,Hectd2,Ptgr2,Trappc2l,Mpp5,Eftud1,Nol8,Cct4,Tagap1,Slc25a38,Dnaja4,Mapre1,Agtpbp1,Armc8,H2-D1,Diap3,Smu1,Lrpprc,Plk2,Dld,Acad11,Chordc1,Ccdc152,Fxr1,Casc3,Nap1l1,Apoc1,Cbwd1,Napg,Atp6v1e1,Vps41,Zmym6,Cpne5,Mettl5,Rnf17,Dlgap5,Pus10,Snrnp27,Ints8,Cyb5r4,Fbxo30,Peo1,Trip12,Shcbp1,Dars,Hsp90ab1,Fktn,L2hgdh,Dhx9,2810006K23Rik,Atp6v1c1,G2e3,Ubr5,Tbk1,Ints2,Gzf1,C1qb,Son,Cct8
47	yetfasco-568	0.0458754	3.65086	M13		Dgcr8,Socs7,Rpgrip1l,Napg,Khdrbs1,Tbc1d15,Tagap1,Far1,Ipo7,Rad51ap2,Mettl5,Polr2a,Hspa8,Armc8,C77370,Hnrnph1,Daam1,Eed,Kif3a,Ddx17,Usp15,Vprbp,Gm1564,Pth1r,Rmi1,Gm16039,Smu1,Hspe1,Nop2,Ubr5,Spice1,Nucb1,Fig4,Ipo11,Fanci,Cep70,Rbm46,Stam2,Dnaja1,Mpp5,Nars2,Ift74,Cacybp,Heatr6,Hsph1,2810006K23Rik,Chga,Vcpip1,Sltm,Cuedc2,Trip12,Ythdc2,Cops3,Hnrnpu,Hspa9,Eif1,Top2a,Ddx42,Ywhae,Dnajb6,Ltn1,Gm13034,2700029M09Rik,Hibch,Ptcd3,Aaas,Nrip3,Ghitm,Tex9,Dld,Otud3,Diap3,Cul2,Dhx9,Rngtt,Sfmbt2,Cdkal1,Ssx2ip,Dnaja4,Mcf2l,Zfp326,Eef1a1,Mns1,Ganc,Cenpk,Ahsa1,Srsf10,Fbxo30,Hnrnph3,Nsun6
48	elemento-CTGCGCA	0.0458139	3.6437	M13		Polr2a,Eif1,Hnrnph3,Khdrbs1,Ipo7,Sltm,Hspa9,Ddx17,Vcpip1,Atp6v1e1,Daam1,St13,Mrpl32,Cspp1,Cacybp,Eed,Hnrnpu,Spice1,Sfmbt2,Dnaja1,Ipo11,Dhx9,Zmym6,Kif3a,Eef1g,Nars2,Prpf39,Ift81,Atp6v1c1,Gzf1,Armc8,Cenpk,Diap3,Myg1,Cct5,Fam173b,Otud3,Ublcp1,Hspa8,Hook1,Cltc,Hsp90aa1,Srsf10
49	transfac_public-M00147	0.0457064	3.63117	M1	Hsf2,Hsf1	Dnaja4,Dnaja1,St13,Hspe1,Hspa8,Polr2a,Neat1,Ddx17,Cspp1,Dnajb6,Cct5,Fam173b,Abhd3,Cct8,Sfmbt2,Aldh1a2,Rwdd3,Hsph1,Cct6a,Eef1a1,Stip1,Ganc,Skiv2l2,Cenpk,Msn
50	hdpi-HIP2	0.0456142	3.62044	M14	Ube2k	Cltc,Polr2a,Armc8,Ipo7,Hspa8,Ubr5,Sfmbt2,Dido1,Rmi1,Hspa5,Nup98,Hnrnph3,Cyb5r4,Fanci,Cenpk,Hsp90ab1,Eef1a1,Hnrnph1,Naa15,Son,Impdh2,Actg2,Cetn3,Vprbp,Dnaja1,Rngtt,Abhd3,Spice1,Plk2,Dnaja4,Atp6v1e1,Zfp326,Fig4,Zswim4,Lins,Rwdd3,Pth1r,Pafah2,Atp6v1c1,Hspa9,Eif1,Ahsa2,Copb1,Hnrnpu,Cops3,3110001I22Rik,Lap3,Far1,Hsp90b1,Vcpip1,Nol8,Daam1,Ganc,Sltm,Dgcr8,Wdr11,Acadvl,Otud3,Pnpt1,Apoc1,Acad11,Zbtb26,Xpo1,H2-D1,Gfm1,Mapre1,Cspp1,Pes1,Ddx42,Taf1a,Ghitm,Trip12,Aldh1a2,Mphosph8,Tmem59l,Mettl5,Trip10,Srsf10,Ythdc2,Napg,Tbc1d15,Hsph1,Ptcd3,Parp12,Mpp5,Ptgr2,Nars2,Gcdh,Stip1,Mrpl32,Cpne5,Fxr1,Cuedc2,Ddx17,Skiv2l2,Cct5,Tagap1,Fam173b,Zdhhc17,Msn,Nsun6,Mcf2l,Gm1564
51	jaspar-MA0100.1	0.0455579	3.61388	M2	Myb	Ezh2,Bub1,Lins,Ift81,Ywhae,Atp11b,Polr2a,Rabgap1l,Dnaja1,Hnrnph3,St13,Gm1564,Khdrbs1,F13a1,Socs7,Cep76,Rpgrip1l,2810006K23Rik,Hspa9,Rad51ap2,Sltm,Nrip3,Ddx17,Ubr5,Srsf10,Zbtb26,Rmi1,Sec61a2,Tagap1,Nars2,Hspa5,Nrk,Chordc1,Hsp90aa1,Cacybp,Dgcr8,Hnrnpu,Trappc8,Cep70,Diap3,Gcdh,Nup98,Wdr11,Hsph1,Ckap2,Gm13034,Nol8,Odf2l,Ssx2ip,Ahsa1,Tpi1
52	jaspar-MA0411.1	0.0453479	3.58942	M15		Cwf19l2,Naa30,Rmi1,Polr2a,Dld,Ghitm,Hnrnpu,Ipo11,Taf5,Arl13b,Ndufv2,Plk2,Lins,Ezh2,Zfp654,Cep76,Eed,Pnpt1,Slc25a40,Stam2,Socs7,Ganc,Pmaip1,Cep70,Ptcd3,Ddx17,Cacybp,Cetn3,Sfmbt2,Hadha,Eef1a1,Son,Cenpk,Nars2,Brd8,Pafah2,Nhej1,Khdrbs1,Xpo1,Hspa9,Hsph1,Ubr5,Snrnp27,Cul2,Selm,Gm13034,Cse1l,Lap3,Impdh2,Spice1,Ipo7,Armc8,Crnkl1,Vprbp,Acadvl,Smu1,Ptgr2,Hspa5,Rngtt,Cdkal1,2810006K23Rik,Cspp1,Ints8,Copb1,Hsp90ab1,Atp6v1c1,Cltc,Lrpprc,Top2a,Naa15,Ywhae,Cyb5r4,Trp53bp1,Dnaja1,Tbc1d15,Bub1,Rabgap1l,Pus10,St13,Daam1,Hnrnph1,Nol8,Ythdc2,Uba3,Psmd14,Cuedc2,Usp15,Hsp90b1,Nucb1,Zswim4,Zfp326,Trip12,Parp2,Ahsa2,Rad51ap2,3110001I22Rik,Dido1,Nsun6,Diap3,Hist3h2bb-ps,Nup98,Nup54,Cops3,Eif1,Casc3,Gm1564,Sltm,Matr3,Fktn,Ift81,Eif5b,Aaas,Ddx42,C1qb,Rbm46,Pes1,Fbxo30,Ccdc152,Shcbp1,Hibch,Hnrnph3,Ints2
53	jaspar-MA0397.1	0.0452916	3.58286	M13		Dgcr8,Rpgrip1l,Socs7,Polr2a,Ipo7,Napg,Khdrbs1,Tbc1d15,Far1,Mettl5,Ddx17,Hspa8,Tagap1,Eed,Armc8,Kif3a,Vprbp,C77370,Smu1,Rad51ap2,Usp15,Ift74,Pth1r,Hnrnph1,Cacybp,Gm16039,Daam1,Gm1564,Ipo11,Nucb1,Sltm,Dnaja1,Spice1,Top2a,Nop2,Hibch,Ccdc152,Hspe1,Fanci,Nrip3,Fig4,Ptcd3,Chga,Ubr5,Cct8,Cuedc2,Trip12,Nars2,Cep70,Hsph1,Rbm46,Dnajb6,Heatr6,Dld,Aaas,Cops3,Diap3,Hnrnpu,Ddx42,Eif1,Rmi1,Vcpip1,Ltn1,Dnaja4,Stam2,Cul2,Ythdc2,Ganc,Zdhhc17,Mcf2l,2700029M09Rik,Tex9,Zfp326,Ghitm,Impdh2
54	yetfasco-544	0.0452916	3.58286	M15		Cwf19l2,Naa30,Rmi1,Polr2a,Dld,Ghitm,Hnrnpu,Ipo11,Taf5,Arl13b,Plk2,Ndufv2,Lins,Ezh2,Zfp654,Cep76,Eed,Pnpt1,Slc25a40,Stam2,Socs7,Ganc,Pmaip1,Cep70,Ptcd3,Cacybp,Ddx17,Cetn3,Hadha,Sfmbt2,Eef1a1,Son,Cenpk,Pafah2,Nars2,Brd8,Nhej1,Khdrbs1,Xpo1,Hspa9,Hsph1,Ubr5,Snrnp27,Selm,Cul2,Cse1l,Gm13034,Lap3,Impdh2,Spice1,Armc8,Ipo7,Crnkl1,Vprbp,Acadvl,Smu1,Hspa5,Ptgr2,2810006K23Rik,Cdkal1,Cspp1,Rngtt,Ints8,Copb1,Hsp90ab1,Atp6v1c1,Cltc,Lrpprc,Top2a,Naa15,Ywhae,Cyb5r4,Trp53bp1,Dnaja1,Tbc1d15,Pus10,Rabgap1l,Bub1,Hnrnph1,St13,Daam1,Nol8,Ythdc2,Uba3,Usp15,Cuedc2,Psmd14,Hsp90b1,Nucb1,Zswim4,Zfp326,Trip12,Ahsa2,Rad51ap2,Parp2,3110001I22Rik,Dido1,Ift81,Nsun6,Diap3,Nup98,Cops3,Hist3h2bb-ps,Nup54,Sltm,Eif1,Gm1564,Fktn,Casc3,C1qb,Aaas,Matr3,Eif5b,Ddx42,Rbm46,Fbxo30,Pes1,Ccdc152,Shcbp1,Hnrnph3,Ints2,Hibch
55	yetfasco-559	0.0451892	3.57093	M13		Dgcr8,Rpgrip1l,Socs7,Polr2a,Ipo7,Napg,Khdrbs1,Tbc1d15,Far1,Mettl5,Ddx17,Hspa8,Tagap1,Eed,Armc8,Kif3a,Vprbp,C77370,Smu1,Rad51ap2,Usp15,Ift74,Pth1r,Hnrnph1,Cacybp,Gm16039,Daam1,Gm1564,Ipo11,Sltm,Nucb1,Dnaja1,Spice1,Top2a,Nop2,Hspe1,Hibch,Ccdc152,Fanci,Fig4,Nrip3,Ptcd3,Chga,Ubr5,Cct8,Trip12,Nars2,Cuedc2,Cep70,Rbm46,Heatr6,Dnajb6,Hsph1,Dld,Aaas,Cops3,Eif1,Ddx42,Diap3,Rmi1,Hnrnpu,Vcpip1,Ltn1,Dnaja4,Stam2,Cul2,Ythdc2,Ganc,Zdhhc17,2700029M09Rik,Mcf2l,Tex9,Zfp326,Ghitm,Impdh2
56	hdpi-TRIM69	0.0450612	3.55602	M9	Trim69	Hnrnph1,Eif1,Vcpip1,Son,Khdrbs1,Polr2a,Napg,Tbc1d15,Cct5,Fam173b,Hspa9,Hnrnph3,Eed,Hspa8,Ipo11,Otud3,Hook1,Zmym6,Sfmbt2,Kif3a,Ints2,Naa15,Vprbp,Dnaja1,Hsp90aa1,Sltm,Mettl5,Ptgr2,Cse1l,Srsf10,Mpp5,Usp15,Armc8,Eef1g,Gm13034,Fanci,Nsun6,Ipo7,Dhx9,Spice1,Cct8,3110001I22Rik,Pafah2,Impdh2,Zdhhc17,Ublcp1,Lap3,Naa35,Nars2,Cacybp,Ythdc2,Mrpl14,Skiv2l2,L2hgdh,Pth1r,Dhx15,Actg2,Selm,Rabgap1l,Gzf1,Nup54,Gm1564,Chordc1,Cenpk,Eif5b,Rmi1,Nol8,Ghitm,Daam1,Cpne5,Ddx17,Lrpprc,Cuedc2,Ahsa2,Taf1a,Copb1,Agtpbp1,Naa30,Parp2,Ywhae,Rngtt,Mcf2l,H2-D1,Ezh2,Cltc,Zfp326,Cep76,Top2b,2810006K23Rik,Strbp,Zswim4,Tex9,Top2a,Tpi1,Tpt1,Mphosph8,Nap1l1,C77370,Ttc27,Prpf39,Trappc8,Parp12,Tbk1,Plk2,Taf5,Cep70,Matr3,Abhd3,Mysm1,Acad11,Mrpl32
57	jaspar-PF0141.1	0.04501	3.55005	M1	Hsf1,Hsf2,Hsf4,Hsf3	St13,Hspa8,Dnaja1,Hspe1,Stip1,Abhd3,Ywhae,Cct5,Fam173b,Snrnp27,Eef1g,Fanci,Ints2,Hsph1,C1qc,Neat1,Pes1,Ubr5,Aldh1a2,Naa35,Rngtt,Dnaja4,Cuedc2,F13a1,Dnajb6,Chga,Birc2,Fbxo47,Ythdc2,Ssx2ip,Cltc,Nhej1,Polr2a,H2-D1,Ganc,Mia3,Ccdc15,Zfp654
58	yetfasco-1539	0.0449229	3.53991	M11		Cltc,Peo1,Mtif2,Crnkl1,Polr2a,Atp6v1e1,Xpo1,Hspa5,Diap3,Trip12,Ddx42,Hibch
59	elemento-CGCAGCG	0.0447488	3.51963	M9		Ipo7,Cacybp,Sltm,Nup98,Dld,Napg,Cltc,Hnrnpu,Hnrnph3,Ssx2ip,Ddx17,Polr2a,Cenpk,Impdh2,Hspa5,Cpne5,Brd8,Ghitm,Fanci,Mpp5,Hspa8,Rabgap1l,Bub1,Diap3,Cspp1,Ythdc2,Prpf39,Hspa9,Hnrnph1,Atp6v1c1,C77370,Dnaja1,Dhx15,Xpo1,Daam1,Cbwd1,Copb1,Zswim4,Fbxo30,Srsf10,Skiv2l2,Socs7,Ubr5,Arpc3,Cul2,Eef1a1,2810006K23Rik,Sfmbt2,Dido1,Hibch,St13,Vprbp,Naa15,Eed,Far1,Eif1,Aaas,Cops3,Dgcr8,Hsp90b1,Pole3,Ahsa2,Cct5,Tbc1d15,Fam173b,Hook1,Ints2,Eprs,Nap1l1,Eef1g,Mphosph8,Wdr75,Pth1r,Cct8,Abhd3,Casc3,Trp53bp1,Gtf2h2,Mcf2l,Uba3,Trip12,Top2a,Nrip3,Zdhhc17,Rmi1,Cse1l,Ift74,Vcpip1,Usp15,Npr2,H2-D1,Nars2,Plk2,Ipo11,Eif5b,Stip1,Tagap1,Ahsa1,Ywhae,Trappc8,Ndufv2,Cyb5r4,Nup54,Dnaja4,Chordc1,Gfm1,Tpt1,Aldh1a2,Anapc4,Tmem59l,Naa30,Fig4,Sec61a2
60	yetfasco-1402	0.0446208	3.50472	M6	Crem,Creb1,Atf7,Atf4,Atf2,Atf5,Atf1,Atf3,Atf6	Nup98,Tmem59l,Ythdc2,Ddx17,St13,Impdh2,Casc3,Ddx42,Nars2,Eif1,Nsun6,Ltn1,Leng8,Ift81,Hspa9,Ipo11,Hsp90ab1,Son,Plk2,Chga,Cbwd1,Ddx51,Hnrnph1,Nrip3,Cltc,Gzf1,Larp7,Naa30,Hspa5,Aldh1a2,Pmaip1,Dnaja4,Ghitm,Trappc8,Cacybp,Thumpd1,Trp53bp1,Ccdc59,Socs7,Dld,Lias,Hist3h2bb-ps,Vprbp,Cse1l,Taf5,Cenpk,Cops3,Parp2,Far1,Msn,Top2b,Cetn3,Ssx2ip,Hnrnpu,Cct4,Cyb5r4
61	yetfasco-995	0.0445901	3.50114	M1	Hsf1,Hsf2,Hsf4,Hsf3	St13,Hspa8,Hspe1,Dnaja1,Cct5,Fam173b,Hsph1,Stip1,H2-D1,Abhd3
62	yetfasco-1459	0.0444826	3.48862	M4		Nup98,C77370,Eif1,Hspa9,Tmem59l,Polr2a,Taf5,Ltn1,Dnaja4,Ythdc2,Impdh2,St13,Nsun6,Usp15,Hsp90ab1,Ddx17,Ddx42,Leng8,Cbwd1,Cenpk,Diap3,Hnrnph1,Cacybp,Lins,Far1,Nars2,Sgol2,Cuedc2,Parp2,Ghitm,Fanci,Lias,Ift81,Rngtt,Cse1l,Cltc,Gzf1,Plk2,Chga,Son,Cpne5,Socs7,Rabgap1l,Cetn3,Nrip3,Eprs,Hspa5,Larp7,Nop2,H2-D1,Fig4,Nucb1,Ptgr2,Top2b,Wdr75,2810006K23Rik,Nup54,Mpp5,Dgcr8,Gm13034,Hspe1,Dld,Cct4,Fktn,Vprbp,Naa30,Msn,Pth1r,Hnrnph3,Selm,Spice1,Skiv2l2,Kif3a,Thumpd1,Rnf17,Cct5,Ipo7,Trp53bp1,Fam173b,Nol8,Lap3,Cul2,Hsph1,Dnaja1,Mphosph8,Ipo11,Abhd3,Cct2
63	transfac_pro-M02091	0.044416	3.48086	M3	E4f1,Atf2,Atf3,Atf1,Atf5,Creb1,Atf7,Atf4,Crem,Atf6	Nup98,Tmem59l,Ythdc2,Ift81,Ltn1,St13,Nars2,Casc3,Cltc,Pmaip1,Nsun6,Naa30,Hsp90ab1,Larp7,Ddx51,Leng8,Cacybp,Ddx17,Ipo11,Trp53bp1,Chga,Impdh2,Nrip3,Socs7,Polr2a,Plk2,Ddx42,Hspa5,Ncbp2,Taf5,Tpt1,Ghitm,Hist3h2bb-ps,Dnaja4,Cct4,Cops3,Hnrnph1,Cenpk,Thumpd1,Vprbp,Parp2,Skiv2l2,Ubr5,Cse1l,Cbwd1,Ccdc59,Trappc8,Gzf1,Atp11b,Eif1,Gm13034,Lias,Ublcp1,Neat1,Top2b,Hook1,Usp15,Aaas,Cyb5r4,Fxr1,Ccdc15,Eed,D930016D06Rik,Nrk
64	yetfasco-1491	0.0442521	3.46178	M6	Dbp	Polr2a,Ddx17,Ddx42,Casc3,Cltc,Nars2,Chga,Aldh1a2,Ubr5,Fanci,Hspa5,Hnrnpu,Eed,Tmem59l,Ift81,Lins,Plk2,Atp6v1e1,Hist3h2bb-ps,Dnaja1,Nol8,Cul2,Naa30,Nrip3,Gm13034,Impdh2,Cspp1,Nsun6,Hnrnph3,Ipo11,Cenpk,Usp15,Gzf1,Nap1l1,Taf5,Cacybp,Pmaip1,Api5,Cpne5,Pnpt1,Hspa8,Spice1,Rabgap1l,Vprbp,Hnrnph1,Dido1,Nup98,Cct4,Hspe1,Acadvl,Daam1,Ghitm,Arpc3,Rnf17,Trip12,Pus10,Sfmbt2,Nhej1,Zswim4,Eif1,Cct5,Mtif2,Fam173b,Nup155,Actg2,Ltn1,Gm1564,Naa35,Ywhae,Armc8,H2-D1,Cetn3,3110001I22Rik,Thumpd1,Ahsa1,Hsph1,Hsp90ab1,Atp11b,Trappc8,Cyb5r4,St13,Nop2,Odf2l,Ckap2,Sltm,Crnkl1
65	yetfasco-1461	0.0441702	3.45223	M16	Hsf1,Hsf2,Hsf4,Hsf3	St13,Hspe1,Eif5b,Dnaja1,Hspa8,Hsph1,Cct5,Fam173b,Ints2,Polr2a,2810006K23Rik,Mapre1,Stip1
66	yetfasco-1462	0.0441395	3.44866	M16		St13,Polr2a,Eif5b,Hspa5,Eif1,Plk2,2810006K23Rik,Nrip3,Mapre1,Hsp90ab1,Dnaja1,Chga,Hspe1
67	homer-M00688	0.0440576	3.43911	M2	Ovol1,Ovol2	2810006K23Rik,Lins,Ezh2,Dgcr8,Nrk,Cep70,Gm1564,Ssx2ip,Gm13034,Khdrbs1,Pth1r,Socs7,Fanci,Cep76,Nup98,Ift81,Naa30,Nup54,Hspa9,Hnrnpu,Hspa8,Nap1l1,Zfp612
68	transfac_public-M00146	0.043991	3.43136	M1	Hsf1,Hsf2,Hsf4,Hsf3	Dnaja1,Hspe1,Dnaja4,St13,Hspa8,Sfmbt2,Cspp1,Neat1,Cct5,Fam173b,Polr2a,Stip1,Rwdd3,Dnajb6,Aldh1a2,Msn,Hsp90aa1,Cct6a,Cenpk,Hsph1,Abhd3,Pole3
69	yetfasco-994	0.0439807	3.43017	M1	Hsf1,Hsf2,Hsf4,Hsf3	St13,Hspa8,Hspe1,Dnaja1,Cct5,Fam173b,Hsph1,Stip1,Abhd3,H2-D1,Neat1
70	homer-M00212	0.0439449	3.42599	M8	Zbtb33	Rmi1,Mettl16,Hnrnph3,Naa35,Gm13034,Mpp5,Ift74,Tex9,Cct8,Ptgr2,Dido1,Srsf10,Cops3,Cacybp,Ddx17,Hook1,Anapc4,Vprbp,Dars,Far1,Nol8,2810006K23Rik,Hspa8,Pus10,Pth1r,Xlr5b,Spice1,Dhx9,Hsph1,Lrpprc,Gcdh,Trip10,Nop2,Usp15,Cul2,Parp12,Atp11b,Larp7,Fanci,Hsp90b1,Dnaja1,Son,Matr3,Naa15,Fbxo30,Aldh1a2,Ints2,Rnf17,Top2b,Nup54,Atp6v1e1,Nsun6,Gfm1,Eed,Cct2,Ghitm,H2-D1,Ahsa1,Arpc3,Fbxo47,Cse1l,Impdh2,Vcpip1,Plk2,Ptcd3,Stam2,Cenpc1,Cspp1,Gm1564,Cct5,Fam173b,Daam1,Hnrnph1,Pmaip1,Hspa5,Mrps22,Pole3,Eef1g,Dnaja4,Cuedc2,Cenpk,Fig4,Diap3,Eef1a1,Zbtb26,Gm12942,Lap3,Cltc,Dgcr8,Nup155,Npr2,Cct6a,Zdhhc17,Zfp326,Mns1,Eif5b,Skiv2l2
71	transfac_pro-M01023	0.0439142	3.42241	M1	Hsf1,Hsf2,Hsf4,Hsf3	Hspa8,St13,Hspe1,Polr2a,Dnaja1,Abhd3,Hsph1,Dnajb6,Stip1,Naa35
72	jaspar-PF0068.1	0.0438681	3.41704	M1	Hsf1,Hsf4,Hsf3	Dnaja4,Dnaja1,Hspe1,Hspa8,Neat1,Stip1,St13,Abhd3,Sfmbt2,Ubr5,Dnajb6
73	yetfasco-2039	0.043735	3.40153	M8		Hsph1,Hspa5,Cltc,Hnrnpu,Polr2a,Ipo11,Hnrnph3,Dnaja1,Gm13034,Larp7,Ptcd3,Rngtt,Parp12,Mpp5,Nup98,Nop2,Lins,Rad51ap2,Socs7,Cct5,Fam173b,Impdh2,Spice1,Xpo1,Nrip3,Fnip1,Taf1a,Sltm,Vcpip1,Rmi1,Eif1,Pafah2,Sfmbt2,Odf2l,Plk2,Nrk,Cacybp,Nsun6,Cct8,Ublcp1,Zdhhc17,Cbwd1,Cpne5,Eif5b,Pth1r,Neat1,Dnaja4,Trp53bp1,Son,Ndufv2,Cuedc2,Naa15,Trip12,Rabgap1l
74	transfac_pro-M03211	0.0435353	3.37827	M4		Hspa5,2810006K23Rik,Api5,Ipo7,C77370,Ddx17,Diap3,Gm1564,Cetn3,Ythdc2,Armc8,Rmi1,Ptgr2,Zswim4,Nup98,Cul2,3110001I22Rik,Hspa9,Hsph1,Cpne5,Sltm,Naa15,Zfp326,Eif1,Fxr1,Pth1r,Dnaja4,Cenpk,Cct5,Fam173b,Son,Eif5b
75	jaspar-MA0131.1	0.0434124	3.36396	M17	Hinfp	Sltm,Aldh1a2,Smu1,Hadha,Dnaja4,Socs7,Dnaja1,Son,Ahsa1,Cyb5r4,Hnrnpu,Ddx17,Cops3,Fanci,Hspa5,Nucb1,Nol8,Ubr5,Cct6a,Ahsa2,Nsun6,Vprbp,Gm1564,Cacybp,Lap3,Ganc,Tpi1,Setx,2810006K23Rik,Ywhae,Matr3,Rabgap1l,Bub1,Ift81,Psmd14,Wdr75,Tbc1d15,Hsph1,Trp53bp1,Aaas,Eif1,Ythdc2,Sfmbt2,Snrnp27,Fig4,St13,Fxr1,Pmaip1,Nars2,Msn,Cltc,Arpc3,H2-D1,Copb1,Cuedc2,Zfp326,Ghitm,Actg2,Atp6v1c1,Pla2g4a,Naa15,Atp6v1e1,Acadvl,Rmi1,Lzic,Dgcr8,Leng8,Pafah2,Khdrbs1,Nup54,C1qc,Sec61a2,Nup98,Ccdc15,Stam2,Rad51ap2,Cwf19l2,Eif5b,Hspa8,Polr2a,Arl13b,Hibch,Nrip3,Myg1,Ckap2,Anapc4,Hsp90aa1,Zswim4,Selm,Mphosph8,Crnkl1,Zfp612,Gm13034,Chga,C1qb,Ptcd3,Tmem59l,Cenpk,Cdkal1,Cct5,Naa35,Fam173b,Cetn3,Ccdc152,Cct8,Pth1r,Hsp90b1,Rngtt,Acad11,Zfp654,Larp7,Nhej1,Plk2,Hook1,Nrk,Dido1,Napg,Trip10,Ift74,3110001I22Rik,Abhd3,Vcpip1,Rwdd3,Dnajb6,Trip12,Mfn1
76	transfac_public-M00288	0.043397	3.36217	M18	Nfyb,Nfya,Pole3,Gm21827	Hsp90b1,Top2a,Hook1,Hspa5,Lins,Brd8,Aldh1a2,Nup98,Ezh2,Son,Hist3h2bb-ps,Zswim4,Gcdh,Mrpl32,Xpo1,Stip1,Gm16039,Hspa8,Cenpk,Far1,Gm1564
77	yetfasco-2179	0.0433816	3.36038	M7		Polr2a,Nol8,Cacybp,Cltc,Hnrnpu,Ddx42,Fanci,Ubr5,Hibch,Cul2,Arpc3,Dnaja1,Acadvl,Atp6v1e1,Xpo1,Dido1,Sfmbt2,Vprbp,Smu1,Nup98,Wdr11,Cuedc2,Ddx17,Hspa5,Cetn3,Stip1,Hnrnph3,Abhd3,Actg2,Cpne5,Wdr75,Cops3,Taf1a,Tpt1,Ipo11,Acad11,Fxr1,Hnrnph1,Ift81,Ptcd3,Ahsa1,Cspp1,Gfm1,Mpp5,Dnaja4,Sltm,Cct2,Chordc1,Naa15,Lins,Rngtt,Snrnp27,Rmi1,Hspa8,Cct5,Fam173b,Cenpk,Trappc8,Sgol2,Peo1,Mtif2,Zbtb26,Fig4,Rad51ap2,Mcf2l,Hspa9,Khdrbs1,Vps41,Hsp90b1,Atp11b,Pnpt1,Taf5,Ipo7,Eef1a1,Crnkl1,Cct8,Mfn1,Armc8,Vcpip1
78	transfac_pro-M01812	0.0432843	3.34905	M5		Nars2,Cacybp,Hnrnpu,Nup98,Ythdc2,Hist3h2bb-ps,Eprs,Socs7,Chga,Hook1,Cbwd1,Parp2,Ghitm,Tmem59l,Dld,Top2b,Hnrnph1,Ift81,Ltn1,Polr2a,Plk2,Hspe1,Mapre1,Hspa5,Shcbp1,Cenpk,Eed,Casc3,Ddx51,St13,Ccdc58,Tpt1,Larp7,Hspa8,Top2a,Eef1a1,Leng8,Mpp5
79	yetfasco-895	0.0432536	3.34547	M4		Slc25a40,Stam2,Gm1564,Mysm1,Hspe1,Gm13034,Dnaja1,Cbwd1,Mettl16,Vprbp,Lias,Trp53bp1,Mpp5,Cct8,Lins,Ddx17,Far1,Hook1,Vcpip1,Nup98,Rmi1,Impdh2,Naa35,Eif1,Plk2,H2-D1,Tbc1d15,Khdrbs1,Hnrnph3,Nup54,Ghitm,Pnpt1,St13,Cltc,Hspa8,Neat1,Nap1l1,Cetn3,Fnip1,Hsp90b1,Lap3,Hnrnph1,Nrk,2810006K23Rik,Polr2a,Cenpk,Ift81,Nol8,Snrnp27,Cpne5,Bub1,Sltm,Mettl5,Gm12942,Fbxo30,Api5,Diap3,Eprs,Hspa9,Fanci,Napg,Nop2,Pole3,Cep70,Rabgap1l,Selm,Trappc8,Rbm5,Nsun6,2700029M09Rik,Acad11,Atp11b,Shcbp1,Pafah2,Prpf39,Cct5,Fam173b,Pes1,Cacybp,Ubr5,Dido1,Wdr75,Ahsa2,Ssx2ip,Eed,Rnf17,Taf5,Trip10,Naa15,Rngtt,Ptgr2,Sec61a2,Ahsa1,Ndufv2,Tagap1,C1qb,Cct4,Anapc4,Aaas,Cct2,Hectd2,Ddx42,Mns1,Atp6v1e1,Rpgrip1l,Dld,Zmym6,Nhej1,Skiv2l2,Parp12,Socs7,Lrpprc,Hsp90ab1,Pmaip1,Ipo11,Pth1r,Mrpl14,Ccdc59
80	yetfasco-1414	0.0430181	3.31803	M6		Ddx17,Taf5,Naa30,Casc3,Nars2,Ift81,Lins,Aldh1a2,Trp53bp1,Ddx42,Nsun6,Ipo11,Ubr5,Polr2a,Dld,Cltc,Hnrnpu,Msn,Copb1,Chga,Gzf1,Ssx2ip,Pus10,Pmaip1,Cetn3,Hist3h2bb-ps,Api5,Gm13034,Tpt1,Cenpk,Nup98,Cwf19l2
81	transfac_public-M00017	0.0429976	3.31564	M3	Creb1,Crem,Atf3,Atf2,Atf5,Atf7,Atf4,Atf1,Jdp2,Atf6	Tmem59l,Ltn1,Impdh2,Nup98,Chga,Ift81,St13,Ythdc2,Nsun6,Ipo11,Hspa5,Son,Cltc,Socs7,Leng8,Hsp90ab1,Eif1,Larp7,Cacybp,Nars2,Top2b,Parp2,Ghitm,Polr2a,Ddx17,Ddx42,Pmaip1,Cse1l,Zfp612,Plk2,Ccdc59,Diap3,Thumpd1,Cops3,Hist3h2bb-ps,Tpt1,Taf5,Cyb5r4,Nrip3,Skiv2l2,Slc25a40,Dnaja4,Naa30,Ddx51,Hspa9,Casc3,Eed,Prpf39,Atp6v1c1,Trappc8,Cenpc1,Vprbp,Ublcp1,Cep70,Hnrnph1,Eef1a1,Ccdc58,Cct4,Cct8,Sec61a2,Sgol2,Eprs,Nol8,Nop2,Lias,Cenpk,Acad11,Copb1,Mpp5,Ccdc15,Atp11b,H2-D1,Neat1,Rngtt,Cspp1,Lrpprc,2810006K23Rik,Ptcd3,Gzf1,Lins,Mia3,Sfmbt2,Eftud1,Shcbp1
82	homer-M00076	0.0429515	3.31028	M8	Zbtb33	Rmi1,Mettl16,Hnrnph3,Gm13034,Naa35,Ift74,Tex9,Cct8,Dido1,Ptgr2,Cacybp,Srsf10,Mpp5,Anapc4,Cops3,Hook1,Ddx17,2810006K23Rik,Usp15,Dars,Taf5,Daam1,Far1,Larp7,Atp11b,Gcdh,Hspa8,Vprbp,Lins,Prpf39,Pus10,Xlr5b,Cct5,Fam173b,Plk2,Ints2,Nol8,Vcpip1,Dhx9,Abhd3,Top2b,Pth1r,Ahsa1,Cenpk,Naa15,Hsph1
83	swissregulon-MYB.p2	0.0427518	3.28701	M2	Myb	Rabgap1l,Dnaja1,Ezh2,Bub1,Polr2a,Atp11b,St13,Hnrnph3,Ywhae,Gm1564,Lins,Socs7,Ift81,Khdrbs1,Cep76,Tagap1,Diap3,Rad51ap2,2810006K23Rik,Sec61a2,Ddx17,Wdr11,Hspa9,Nrip3,F13a1,Hsp90aa1,Rpgrip1l,Rmi1,Gm13034,Chordc1,Srsf10,Ahsa1,Actg2,Zbtb26,Odf2l,Cacybp,Cep70,Sltm,Hsph1,Top2b,Ckap2,Ift74,Nol8,Zdhhc17,Trappc8,Nup98,Dgcr8,Hnrnpu,Nrk,Cltc,Ssx2ip,Mrpl19,Cct2,Fktn,Gcdh,Acadvl,Rnf17,Prpf39,Tbk1,Nars2,Sfmbt2,Nucb1,Tpi1,Gzf1,Fbxo30,Stip1,Acad11,Zfp326,Hspa5,Ubr5,Tex9
84	factorbook-CREB-ext	0.0425777	3.26673	M12	Atf3	Eprs,Lias,Ncbp2,Thumpd1,Cbwd1,St13,Larp7,Hnrnpu,Parp2,Ddx51,Cacybp,Son,Vprbp,Pole3,Impdh2,Wdr75,Cenpk,Ipo11,Gm16039,Top2b,Polr2a,Hspa5,Trp53bp1,Nup98,Hnrnph1,Parp12,Selm,Khdrbs1,Ythdc2,2700029M09Rik,Dgcr8,Nars2,Ccdc59,Mfn1,Eif1,Cltc,Hspe1,Mettl16,Dido1,Hspa8,Rmi1,D930016D06Rik,Gm12942,Fnip1,Mcf2l,Hibch,Hadha,Ezh2,Nup54,Acad11,Cpne5,Naa15,Hook1,Neat1,Hnrnph3,Cct4,H2-D1,Gins4,Ift81,Chga,Aldh1a2,Matr3,Zfp612,Kif3a,Napg,Mettl5,Mphosph8,Otud3,Zfp326,Trip12,Plk2,Naa35,Fanci,Gtf2h2,Ipo7,Iars,Cuedc2,Ints8,Nap1l1,Atp11b,Rpgrip1l,Nhej1,Ahsa1,Srsf10,Ddx42,Ubr5,Cct5,Fam173b,Nop2,Nsun6,Rngtt,Apoc1,Cse1l,Mrpl19,Gzf1,Taf5,Psmd14,Nup155,Arl13b,Atp6v1e1,Slc25a40,Arpc3,Cep70,Slc25a38,Hmgcl,Tbc1d15,Casc3
85	jaspar-PF0072.1	0.0423012	3.23452	M16	Hsf1,Hsf4,Hsf3	Hspe1,Hspa8,Dnaja1,St13,Eif5b,Cct5,Fam173b,Hsph1
86	transfac_pro-M02017	0.0421476	3.21663	M1	Hsf1,Hsf4,Hsf3	Dnaja1,St13,Hspe1,Hspa8,Cct5,Fam173b,Polr2a,Hsph1,Stip1,Neat1
87	swissregulon-NRF1.p2	0.0420503	3.2053	M9	Nrf1,Zscan10	Hnrnph1,Khdrbs1,Eif1,Armc8,Eed,Cct5,Fam173b,Vcpip1,Sltm,Tbc1d15,Hspa8,Polr2a,Ints2,Dhx9,Napg,Ipo11,Mpp5,Hook1,Kif3a,Hspa9,Dnaja1,Mrpl32,Naa15,Cse1l,Zmym6,Gm13034,Otud3,3110001I22Rik,Prpf39,Sfmbt2,Impdh2,Hnrnph3,Ptgr2,Ublcp1,Eef1a1,Tbk1,Cdkal1,Mettl5,Son,Hsp90aa1,Zdhhc17,Spice1,Srsf10,Chordc1,Nars2,Cyb5r4,Eef1g,Ezh2,Cwf19l2,Ipo7,Parp2,Cacybp,2810006K23Rik,Fanci,Ttc27,Copb1,Gzf1,Naa16,Mrpl14,Vprbp,Agtpbp1,Dhx15,Cct8,Fbxo30,Rabgap1l,Rngtt,Lap3,Aaas,Lrpprc,Hectd2,Atp6v1e1,Hnrnpu,Sec61a2,Crnkl1,Eprs,Taf1a,Stam2,Thumpd1,Mcf2l,Dido1,Pla2g4a,Pth1r
88	yetfasco-1217	0.041912	3.18919	M1	Hsf1,Hsf2,Hsf4,Hsf3	St13,Hspe1,Hspa8,C1qc,Hsph1,Snrnp27,Fbxo47,H2-D1,Abhd3,Dnaja1,Stip1,Eef1g,Ints2,Zfp654,Cct5,Fam173b
89	jaspar-MA0395.1	0.0418967	3.1874	M17		Trp53bp1,Xpo1,Ezh2,Ssx2ip,Diap3,Rmi1,Dgcr8,Impdh2,Far1,Hspa9,Casc3,Nup98,Hnrnpu,Nrip3,Eed,Gfm1,Cltc,Hsp90b1,Zswim4,Son,Cct2,Lins,Polr2a,Pus10,4932438A13Rik,Ints8,Cenpk,Skiv2l2,Eif1,Gm13034,Ddx17,Hnrnph3,Ghitm,Tbc1d15,Vcpip1,Khdrbs1,Hspe1,Rnf17,St13,Trip12,Cuedc2,Aaas,Cyb5r4,Cetn3,Sltm,Ddx42,Otud3,Taf5,Chga,Hspa8,Wdr75,Socs7,Ubr5,Ipo7,Cops3,Fanci,2810006K23Rik,Pdhx,Apip,Sfmbt2,Usp15,Vprbp,Dnaja4,Bub1,Fig4,Ythdc2,Ahsa2,Gm1564,Ift74,Fbxo30,Cct4,Pafah2,Cep76,Fktn,Cct5,Spice1,Crnkl1,Fam173b,Gm16039,Ndufv2,Ints2,Pole3,Mns1,Arpc3,Hook1,Sec61a2,Cep70,Top2b,Lap3,Cpne5,Cse1l,Napg,Agtpbp1,Pth1r,Eif5b,Ahsa1,Cct8,Pnpt1,Nop2,Pes1,Aldh1a2,Parp12,Chordc1,Lrpprc,Zmym6,Selm,Ptgr2,Plk2,Nhej1,Tpt1,Naa16,Mettl16,Prpf39
90	jaspar-PF0008.1	0.0418915	3.18681	M8	Zbtb33	Rmi1,Hnrnph3,Mettl16,Gm13034,Cct8,Naa35,Ift74,Tex9,Cacybp,Anapc4,Dido1,Srsf10,Ptgr2,Usp15,Dars,Pus10,Xlr5b,Ints2,Vcpip1,Naa15,Dhx9,Mpp5,Cops3,Son,Zfp326,Hspa8,Pole3,Nol8,Nup155,Rngtt,Lins,Npr2,Hsph1,Ahsa1
91	taipale-TTACGYAM-GMEB2-DBD	0.0417891	3.17488	M6	Gmeb2	Ddx17,Hspa9,Nars2,Hnrnph1,Vprbp,Gzf1,Cltc,Impdh2,Ift81,Hnrnpu,Ipo11,Ghitm,Nsun6,Lias,Tmem59l,Spice1,Pus10,Nup98,Casc3,Api5,Zfp612,Trappc8,Chga,Cacybp,Leng8,Hspa8,Ythdc2,St13,Trp53bp1,Cyb5r4,Eif1,Hist3h2bb-ps,Thumpd1,Ubr5,Son,Hnrnph3,Eprs,Cenpk,Ddx42,Dhx9,Plk2,Ltn1,Ipo7,Ccdc59,Pmaip1,Nrip3,Cct8,Diap3,Hspa5,Ddx51,Dld,Slc25a40,Hsp90ab1,Fanci,Prpf39,Ahsa1,Uba3,Tbc1d15,Selm,Sfmbt2,Atp11b,Nop2,Pafah2,Armc8,Vcpip1,3110001I22Rik,Mpp5,Hook1,Gm13034,Cse1l,Cspp1,Smu1,Cct4,Dnaja4,Cbwd1,Ssx2ip,Dnaja1,Nrk,Parp2,Khdrbs1,Cdkal1,Nap1l1,Far1,Aldh1a2,Rpgrip1l,Fnip1,Hsp90b1,Taf5,Socs7,Eed,Zmym6,Ccdc152,Nol8,Larp7,Cetn3,Ptcd3,D930016D06Rik,Hspe1,Rabgap1l,Skiv2l2,Otud3,Copb1,Eef1a1,Lap3,Rbm46,Ptgr2,Rmi1,Ccdc15,Tpt1,Mysm1,Lrpprc,Eef1g,Mphosph8,Naa30,Ckap2,Cct6a,Rbm5,Nup54,Acad11,Aaas,Odf2l,Atp6v1c1
92	yetfasco-826	0.0417123	3.16593	M17		Polr2a,Hspe1,Dnaja1,Hspa8,Ddx42,3110001I22Rik,Peo1,Stip1,Cct5,Fam173b,Mtif2,Cspp1,Cltc,Hsph1
93	jaspar-MA0018.1	0.041697	3.16414	M5	Creb1	Tmem59l,Ythdc2,Nars2,Ccdc59,Nup98,Leng8,St13,Impdh2,Zfp612,Cacybp,Larp7,Nsun6,Parp2,Son,Cbwd1,Copb1,Hsp90ab1,Vprbp,Ghitm,Pmaip1,Ddx17,Ncbp2,Nrip3,Ift81,Shcbp1,Casc3,Ddx51,Thumpd1,Socs7,Dld,Top2b,Cetn3,Cyb5r4,Chga,Polr2a,Skiv2l2,Ccdc58,Ddx42,Pafah2,Hist3h2bb-ps,Cse1l,Gzf1,Ipo11,Mia3,Trp53bp1,Plk2,Mpp5,Dnaja1,Eprs,Nol8,Neat1,Hook1,Hspa8,Hnrnph1,Ltn1,Slc25a40,Cpne5,Nap1l1,Mapre1,Cltc,Rmi1
94	transfac_pro-M01186	0.0416918	3.16355	M3	Crem,Creb1,Jdp2,Atf7,Atf5,Atf1,Atf4,Atf2,Atf3,Xbp1,Junb,Jund,Atf6,Creb3,Batf3,Npdc1	Tmem59l,Nars2,Ythdc2,Nup98,Ddx51,St13,Parp2,Cacybp,Nsun6,Ift81,Chga,Hsp90ab1,Larp7,Ltn1,Leng8,Socs7,Ccdc59,Pmaip1,Cltc,Copb1,Ddx42,Ipo11,Impdh2,Ddx17,Tpt1,Thumpd1,Trp53bp1,Son,Top2b,Plk2,Hist3h2bb-ps,Hspa5,Trappc8,Casc3,Cbwd1,Eef1a1,Cops3,Mpp5,Vprbp,Cct4,Nrip3,Neat1,Nrk,Naa30,Cse1l,Mia3,Nol8,Eed,Eif1,Ghitm,Skiv2l2,Lias,Sfmbt2
95	transfac_pro-M00981	0.0416099	3.154	M3	Atf4,Atf7,Crem,Atf3,Atf5,Atf1,Atf2,Creb1,Atf6,E4f1,Jdp2,Creb3	Nup98,Tmem59l,Impdh2,St13,Ythdc2,Ltn1,Ddx51,Ift81,Ipo11,Nsun6,Leng8,Hsp90ab1,Cltc,Larp7,Socs7,Cacybp,Ddx42,Chga,Nars2,Cbwd1,Son,Casc3,Hspa5,Nrip3,Dnaja4,Ghitm,Pmaip1,Eif1,Hspa9,Ccdc59,Hnrnph1,Ddx17,Lias,Parp2,Cse1l,Trp53bp1,Hist3h2bb-ps,Plk2,Cenpk,Thumpd1,Top2b
96	transfac_pro-M01833	0.0415946	3.15221	M11		Cltc,Polr2a,Xpo1,Peo1,Atp6v1e1,Trip12,Crnkl1,Ddx42,Diap3,Ddx17,Cep76,Ywhae,Mtif2,Hspa5,Hspa9,Ezh2,Sltm,Fig4,Snrnp27,Trappc8,Eef1a1,Rad51ap2,3110001I22Rik,Nrip3,C77370,Hibch,Nsun6,Ubr5,Dido1,Naa35,Eed,Zswim4,Hnrnph3,Ahsa1,Gm1564,Abhd3,Ift81,Agtpbp1,Fanci,Cenpc1,Cetn3,Dnaja4,Cct5,Odf2l,Psmc6,Cenpk,Fam173b,Nop2,Usp15,Chga,Zbtb26,Ahsa2,2700029M09Rik,Stip1,Spice1,Aldh1a2,Mrpl32,Pafah2,Cacybp,Hsp90ab1,Mpp5,Son,Wdr75,Cul2,Hsph1,Nrk,Mcf2l,Api5,Nap1l1,Hnrnph1,Rngtt,Aaas,Skiv2l2,Casc3,Cdkal1,Hnrnpu,Ipo11,Chordc1,Zfp326,Neat1,Cops3,Slc25a38,Eef1g,St13,Ptgr2,Dgcr8,Acad11,Naa30,Acadvl,Hspa8,Vcpip1,Apoc1,Cct4,Taf1a,2810006K23Rik,Cyb5r4,Rwdd3,Taf5,Gzf1,Ssx2ip,Hspe1,Hsp90b1,Ghitm,Nup155
97	yetfasco-1635	0.0415126	3.14267	M18	Nfya	Son,Hsp90b1,Ezh2,Hspa5,Lins,Hist3h2bb-ps,Cenpk,Hook1,Far1,2810006K23Rik,Mettl16,Dld,Cse1l,Mns1,Nup98,Gm1564,Diap3,Gcdh,Pnpt1,Top2a
98	elemento-TTGCGCA	0.0415024	3.14148	M13		Hspa9,Eif1,Ddx17,Sfmbt2,Armc8,Kif3a,Sltm,Mrpl32,Napg,Hnrnph1,Hook1,Ipo11,Rngtt,Polr2a,Hnrnph3,Dido1,Spice1,Eed,Diap3,Vcpip1,Zfp654,Gm1564,Pafah2,Dhx9,Dnaja1,Daam1,Nars2,Fanci,Atp6v1e1,Ift81,Cct8,Usp15,Cenpk,Tbc1d15,Vprbp
99	yetfasco-695	0.0412566	3.11285	M18	Pole4,Hoxc8,Hoxb8,Hoxd8	Hsp90b1,Hspa5,Son,Hook1,Lins,Top2a,Gm16039,Hist3h2bb-ps,Zswim4,Stip1,2810006K23Rik,Cenpk,Cetn3,Nucb1,Gcdh,Nup98,Brd8,Aldh1a2
100	elemento-CGCATGCGC	0.0412412	3.11106	M9	Nrf1,Zscan10	Hnrnph1,Hspa9,Eed,Armc8,Mrpl32,Hspa8,Sfmbt2,Gm13034,Napg,Cse1l,Khdrbs1,Eif1,Cct5,Fam173b,Vcpip1,Tbc1d15,Ipo11,Eef1a1,3110001I22Rik,Dhx9,Cyb5r4,Cdkal1,Impdh2,Son,Otud3,Sltm,Polr2a,Ints2,Ublcp1,Naa15,Hook1,Kif3a,Dnaja1,Mpp5,Hnrnph3,Hsp90aa1,Parp2,Cwf19l2,Zmym6,Prpf39,Ptgr2,Nars2,Srsf10,Zdhhc17,Daam1,Mettl5,Spice1,Ddx17,Eef1g,Cacybp,Lins,Lap3,Usp15,Tbk1,Chordc1,Rngtt,Vprbp
101	transfac_pro-M03805	0.0412361	3.11046	M18	Ybx1,Nfya	Hsp90b1,Hspa5,Stip1,Top2a,Nup98,Hook1,Xpo1,Ezh2,Hist3h2bb-ps,Lins
102	taipale-NTGCCACGTCAYCN-CREB3-full	0.0412054	3.10688	M3	Creb3,Xbp1,Creb3l1,Atf6,Atf6b,Creb3l2	Tpt1,Copb1,Nup98,Mia3,Cacybp,Cltc,Tmem59l,Ythdc2,Hook1,Larp7,Ltn1,Eef1g,Ddx42,Fnip1,Khdrbs1,Nol8,St13,Nrk,Ddx17,Ift81,Zmym6,Hist3h2bb-ps,Trp53bp1,Nars2,Plk2,Socs7,Aaas,Top2b,Leng8,Hsp90ab1,Nsun6,Cops3,Ipo11,Skiv2l2,Rmi1,Vprbp,Eprs,Chga,Nrip3,Cse1l,Ddx51,Eed,Rabgap1l,Otud3,Hsph1,Casc3,Lap3,Atp6v1c1,Thumpd1,Mpp5,Cct4,Cuedc2,Wdr75,Parp2,Mapre1,Impdh2,Pmaip1,Ccdc59,Far1,Smu1,Hnrnph3,Prpf39,Ghitm,Ganc,Ptcd3,Naa30,Eef1a1
103	homer-M01861	0.0410927	3.09376	M18		Hsp90b1,Stip1,Hspa5,Dgcr8,Far1,Gm1564,Top2a,Hook1,Ezh2,Xpo1,Rmi1,Cct6a,Cetn3,Zswim4,Cenpk,Hist3h2bb-ps,Nup98,Brd8,Bub1,Son,Mphosph8,Ubr5,Mpp5,Ssx2ip
104	jaspar-PF0019.1	0.0410774	3.09197	M12		Lias,Eprs,Thumpd1,Ncbp2,Larp7,Cbwd1,Hspa5,Vprbp,St13,Ddx51,Parp2,Impdh2,Wdr75,Far1,Cacybp,Nup98,Pole3,Son,Ipo11,Ythdc2,Selm,Nup54,Acad11,Nap1l1,Chga,Hook1,Zfp612,Arpc3,Mettl16,Ift81,Mrpl19,Nars2,Eftud1,Hmgcl,Fbxo30,Plk2,Cct4,Gtf2h2,Ahsa1,Ublcp1,Crnkl1,Iars
105	transfac_pro-M01628	0.0410723	3.09137	M6		Hnrnpu,Casc3,Ddx17,Hspa9,Chga,Nars2,Trp53bp1,Ddx42,Cwf19l2,Ipo11,Ift81,Cltc,Sfmbt2,Msn,Ythdc2,Naa30,Selm,Lins,Rabgap1l,Pmaip1,Ssx2ip,Cenpk,Gzf1,Nsun6,Fnip1,Ganc,Nol8,Hist3h2bb-ps,St13,Impdh2,Uba3,Taf5,Ptcd3,Gm1564,Thumpd1,Top2b,Api5,Zfp654,Dld,Nop2,Ubr5,Ltn1,Ghitm,Parp2,Polr2a,Tmem59l,Hsp90ab1,Cacybp,Cyb5r4,Dnaja1,Hnrnph1,Ddx51,Usp15,Hnrnph3,Cbwd1,Leng8,Lias,Nap1l1,Brd8,Larp7,Vprbp,Ccdc15,Gm13034,Tbk1,Ckap2,Ints2,Cct8,Mrpl19,Ccdc59,Trappc8,Cct4,Hspa8,Eprs,Prpf39,Atp11b,Bub1,Nup98,Cul2,Lrpprc,3110001I22Rik,Armc8,Eed,Fig4,Aldh1a2,Mphosph8,Mysm1,Cetn3,Acad11,Dido1,Kif3a,Eif5b,Nrk
106	homer-M00537	0.0409545	3.07765	M6	Hlf,Atf2,Tef	Nup98,Ddx42,Chga,Ghitm,Ipo11,Nars2,Ddx17,Hnrnph3,Hnrnpu,Ubr5,Casc3,Dnaja4,Lias,Ift81,Ltn1,Cacybp,Pus10,Cenpk,Tmem59l,Ythdc2,St13,Cyb5r4
107	swissregulon-ZFP161.p2	0.0409494	3.07706	M19	Zbtb14	C77370,Rabgap1l,2810006K23Rik,Dnaja1,Dhx15,Hook1,Ndufv2,Ipo11,Eif1,Mpp5,Fbxo30,Mcf2l,Fig4,Ints2,Hnrnph3,Ift81,Polr2a,Sfmbt2,Hspa9,Gm13034,Vprbp,Tbc1d15,Sltm
108	yetfasco-699	0.0408418	3.06453	M18	Nfyb,Pole3,Gm21827	Hsp90b1,Stip1,Hspa5,Dgcr8,Far1,Ezh2,Top2a,Gm1564,Hook1,Xpo1,Rmi1,Cetn3,Cct6a,Zswim4,Cenpk,Nup98,Hist3h2bb-ps,Brd8,Bub1,Son,Mphosph8,Mpp5,Ssx2ip,Ubr5
109	transfac_pro-M00641	0.040765	3.05559	M1	Hsf1	St13,Hspe1,Dnaja1,Dnaja4,Hspa8,Cct5,Fam173b,Hsph1,Polr2a,Dnajb6,Eed,Ddx17,Rngtt,Fanci,Ssx2ip,Abhd3,Snrnp27,Xpo1,Pmaip1,Ywhae,Spice1,Eef1g,Naa30,H2-D1,Stip1,Zswim4,Ubr5,Cct8,Chga
110	stark-MRYTTCCGYY	0.040637	3.04067	M7		Cops3,Smu1,Arpc3,Polr2a,Cetn3,Hibch,Nol8,Vprbp,Lzic,Hsph1,Nsun6,Rngtt,Dnaja1,Taf5,Hspa5,Mcf2l,Ahsa1,Vcpip1,Wdr75,Myg1,Trappc8,Nap1l1,Pole3,Rwdd3,Cacybp,Rpgrip1l,Ghitm,Ptcd3,Fxr1,Khdrbs1,Fanci,Dido1,Cltc,Nucb1,Abhd3,Ttc27,Stam2,Sgol2,Mfn1,Crnkl1,Stip1,Cct2,Hspa9,Hspa8,Dnaja4,Atp6v1e1,Pnpt1,Sfmbt2,Ccdc15,Ift81
111	swissregulon-FOXN1.p2	0.0405909	3.03531	M4	Foxn1	Polr2a,Hspe1,Socs7,Hsp90b1,Usp15,Nup98,Cbwd1,Wdr75,Dnaja4,St13,Naa15,Armc8,Cetn3,Taf5,Slc25a40,Eif1,Ythdc2,Fbxo30,Impdh2,Dnaja1,Diap3,Ddx17,Ltn1,Dido1,Zswim4,Pus10,Cenpk,Ipo7,Mysm1,Vprbp,Pole3,H2-D1,Cltc,Nsun6,Skiv2l2,Atp6v1e1,Neat1,Ghitm,Hook1,Hspa8,Plk2,Zc3h7a,Far1,Hspa9,Lins,Rmi1,2810006K23Rik,Pafah2,Acadvl,Tmem59l,Otud3,Trp53bp1,Shcbp1,Aaas,Chga,Hibch,Aldh1a2,Trappc8,Ift81,Crnkl1,Mpp5,Top2b,Sgol2,Nap1l1,Zdhhc17,Mettl5,Mcf2l,Cep70,Cacybp,Cyb5r4,Cpne5,Tex9,Khdrbs1,Iars,Ccdc152,Ddx42,Daam1,Eif5b,Nars2,Hnrnph3,Abhd3,Hmgcl,Ints8,Trip10,Spice1,Rad51ap2,Cct8,Casc3,Eef1a1,Dld,Gm13034,Nol8,Pth1r,Fig4,Ttc27,2700029M09Rik,Eef1g,Stam2,Larp7,Parp12,Tbk1,Nrip3,Ywhae,Nup54,Cenpc1,Lap3,Selm,Rpgrip1l,Odf2l,Ezh2,Trip12,Nrk,Rbm46,Arl13b,Rngtt,Lias
112	taipale-NNNGMCACGTCATC-XBP1-DBD	0.0405448	3.02994	M3	Xbp1,Creb3,Creb3l1,Atf6,Atf6b,Creb3l2	Copb1,Mia3,Tpt1,Vprbp,Cltc,Nup98,Cacybp,Larp7,Ipo11,Top2b,Hist3h2bb-ps,Nars2,Ccdc59,Slc25a40,Neat1,Rmi1,Ift81,Socs7,Tmem59l,Ltn1,Parp2,Nol8,Khdrbs1,St13,Pmaip1,Nrk,Mpp5,Ddx17,Ddx42,Casc3,Hsp90ab1,Chga,Ythdc2,Mapre1,Nsun6,Eef1g,Aaas,Mysm1,Rabgap1l,Eprs,Atp6v1c1,Plk2,Fig4,Thumpd1,Ghitm,Gzf1,Ddx51,Pes1,Cct4,Ganc,Arpc3,Eed,Cep70,Fnip1,Cpne5,Wdr75,Polr2a,Skiv2l2,Tbc1d15,Cyb5r4,Trp53bp1,Cops3,Naa30,Cenpk,Ahsa1
113	homer-M00014	0.0404527	3.0192	M2	Mybl2	Lins,Hnrnph1,Nrk,Atp11b,Polr2a,Khdrbs1,Nap1l1,Ezh2,Gm1564,Hnrnpu,2810006K23Rik,Hspa9,Hnrnph3,Hspa5,Dgcr8,Armc8,Ddx17,Gm13034,Dnaja1,Socs7,Rad51ap2,F13a1,Nars2,Cltc
114	hdpi-HTATIP2	0.0404475	3.0186	M7	Htatip2	Cltc,Polr2a,Sfmbt2,Sltm,Hspa9,Mcf2l,Vprbp,Son,Hspa8,Hnrnph1,Hnrnph3,Ipo11,Dnaja4,Dhx15,Cct8,Dnaja1,Vcpip1,Kif3a,Chordc1,Mrpl32,Eif1,Fanci,Dido1,Atp6v1c1,Cenpk,Arpc3,Ubr5,Srsf10,Hook1,Cacybp,Smu1,Hibch,Cyb5r4,C77370,Eed,Tbc1d15,Armc8,Ghitm,Ints2,Aaas,Nucb1,Cetn3,Atp6v1e1,Cct5,Fam173b,Cops3,Otud3,Nars2,Rngtt,Abhd3,Lap3,Khdrbs1,Napg,Ipo7,Far1,Gcdh,Zmym6,Lzic,Gm16039,Ift81,Cspp1,Ptcd3,Rwdd3,Pla2g4a,Sgol2,Hnrnpu,Cwf19l2,St13,Nop2,Ganc,Taf5,Cuedc2,Mettl5,Impdh2,Ddx17,Mrpl14,Fig4,Aldh1a2,Selm,Spice1,Copb1,Cul2,Eef1g,Trip12,Agtpbp1,Ahsa1,Wdr75,Strbp,Ssx2ip,Myg1,Gm13034,Eef1a1,Pafah2,Zdhhc17,Fxr1,Pnpt1,Eif5b,Naa15,Rabgap1l,Acad11,Diap3,Fktn,Nol8,Hsp90b1,Zfp654,Zbtb26,Rbm46,Ttc27,Nup98,Pth1r,Rmi1,Cdkal1,Cep76,Gm1564,Hspa5,Cpne5,Daam1,Mphosph8,Mpp5,Usp15,Eprs,Arl13b,Dhx9,Msn
115	homer-M00129	0.0404322	3.01682	M9	Nrf1,Zscan10	Sfmbt2,Hnrnph1,Eed,Cct5,Fam173b,Khdrbs1,Vcpip1,Napg,Hspa9,Hspa8,Polr2a,Mrpl32,Eif1,Gm13034,Cse1l,Ipo11,Dhx9,Ints2,Armc8,Ublcp1,3110001I22Rik,Mpp5,Daam1,Sltm,Hook1,Kif3a,Cacybp,Dnaja1,Otud3,Tbc1d15,Zmym6,Hnrnph3,Hsp90aa1,Impdh2,Zdhhc17,Spice1,Cyb5r4,Cdkal1,Tbk1,Chordc1,Prpf39,Srsf10,Naa16,Rngtt,Cwf19l2,Nars2,Copb1,Naa15,Gzf1,Ezh2,Mrpl14,Parp2,Lrpprc,Atp6v1e1,Ptgr2,Ttc27,Aaas,Eef1a1,Eef1g,Dnajb6,Cct8,Agtpbp1,Rbm5,Pla2g4a,Lins,Taf1a,Dido1,Hectd2,Crnkl1,Usp15,Uba3,Lap3,Strbp,St13
116	elemento-ATGACGC	0.0403349	3.00548	M5		Hspe1,Eprs,Zswim4,Socs7,Son,Ghitm,Lias,Cacybp,Nars2,Ythdc2,Polr2a,Cyb5r4,Cenpk,Hspa8,Wdr75,Mapre1,Nup98,Cdkal1,Shcbp1,Eif1,Armc8,Chga,Cbwd1,Top2b,St13,Parp2,Dld,H2-D1,Sltm,Neat1,Hnrnph1,Hspa9,Hsp90ab1,Fbxo30,Vprbp,Cltc,Impdh2,Cspp1,Napg,Naa15,Diap3,Pmaip1,Hist3h2bb-ps,Gm13034,Cse1l,Mysm1,Acad11,Sgol2,Ddx42,Ddx51,Xpo1,Leng8,Eif5b,Hook1,Hnrnpu,Rmi1,Arpc3,Plk2,Casc3,Top2a,Dnaja1,Mettl5,Eef1a1,Tagap1,Kif3a,Nol8,Cetn3,Ddx17,Ckap2,Ublcp1,Ipo11,Nsun6,Taf5,Cpne5,Far1,Zfp612,Khdrbs1,Tmem59l,Rngtt
